Cell,area_x,Y,X,area_y,perimeter,major_axis_length,minor_axis_length,eccentricity,solidity,extent,circularity,aspect_ratio,DAPI_mean,DAPI_median,DAPI_std,DAPI_p10,DAPI_p90,DAPI_sum,Alexa_mean,Alexa_median,Alexa_std,Alexa_p10,Alexa_p90,Alexa_sum,Cy3_mean,Cy3_median,Cy3_std,Cy3_p10,Cy3_p90,Cy3_sum,Alexa_pos,Cy3_pos,Cy3_organel_area_px,Cy3_puncta_count,Above_bg,Region
1,1743.0,880.3012048192771,255.39931153184165,1743.0,157.6812408671319,54.536787836435,41.008107077651125,0.6592375141246195,0.9764705882352941,0.7238372093023255,0.8809417509570407,1.329902590557681,0.18606653809547424,0.2285420000553131,0.21265602111816406,0.0,0.4744651854038239,324.31396484375,0.11430425196886063,0.0,0.18128715455532074,0.0,0.37246379256248474,199.23231506347656,0.378670334815979,0.3777430057525635,0.07980068027973175,0.27590046525001527,0.4792821824550628,660.0223999023438,True,True,0,22,True,Marginal
2,1382.0,917.191027496382,287.42402315484804,1382.0,139.05382386916236,46.86966334707148,37.71497719577639,0.5937117580817118,0.9739252995066948,0.7660753880266076,0.8981565363503312,1.242733439921589,0.11537997424602509,0.0,0.15440788865089417,0.0,0.2467528223991394,159.4551239013672,0.12091591954231262,0.0,0.1860932558774948,0.0,0.36999225318431855,167.10580444335938,0.38039568066596985,0.37655413150787354,0.07310207933187485,0.2866001009941101,0.48101930022239686,525.7068481445312,True,True,0,18,True,Marginal
3,1249.0,961.9671737389912,260.1449159327462,1249.0,132.71067811865476,47.37029318174282,33.602488195552006,0.7048485471914282,0.9727414330218068,0.7278554778554779,0.8911700156130182,1.4097257591779548,0.19269737601280212,0.22901034355163574,0.2124069333076477,0.0,0.4716323256492615,240.67901611328125,0.10357192158699036,0.0,0.1790052056312561,0.0,0.3699090898036957,129.361328125,0.4683160185813904,0.47909337282180786,0.11500392854213715,0.302769148349762,0.6106151223182679,584.9266967773438,True,True,0,19,True,Marginal
4,985.0,929.9228426395939,84.8274111675127,985.0,116.5685424949238,39.079062873186814,32.43065506779793,0.557952486313284,0.9752475247524752,0.7653457653457654,0.9109265532919872,1.2050038086338388,0.19807565212249756,0.0,0.23922669887542725,0.0,0.5839643001556396,195.10452270507812,0.12883614003658295,0.0,0.1849372386932373,0.0,0.364713180065155,126.90360260009766,0.3304293155670166,0.32076242566108704,0.06990835815668106,0.2522826611995697,0.4086172580718994,325.4728698730469,True,True,0,14,True,Marginal
5,969.0,632.3230134158927,143.51599587203302,969.0,115.1543289325507,40.03643656277098,30.908976740781576,0.6355968121053098,0.9768145161290323,0.7764423076923077,0.9182757245002355,1.2953012614599613,0.23513485491275787,0.0,0.2954672574996948,0.0,0.7881085395812989,227.84567260742188,0.09941638261079788,0.0,0.17309705913066864,0.0,0.3354670763015747,96.33447265625,0.399930864572525,0.40198612213134766,0.08727407455444336,0.2779715657234192,0.5113178133964539,387.53302001953125,True,True,0,15,True,Anterior
6,1363.0,224.3580337490829,934.3793103448276,1363.0,136.12489168102783,44.172603118696365,39.38287242171783,0.45288716450248195,0.9777618364418939,0.7547065337763013,0.9243376126904466,1.1216196382450059,0.12532079219818115,0.0,0.23488207161426544,0.0,0.5330428957939147,170.81224060058594,0.13483574986457825,0.0,0.22962428629398346,0.0,0.4473303198814391,183.7811279296875,0.3015609681606293,0.3019087314605713,0.07745708525180817,0.20391792953014373,0.39991526007652284,411.027587890625,True,False,0,22,True,Anterior
7,818.0,983.4462102689487,422.70660146699265,818.0,107.49747468305833,38.82488712847804,26.980145279315302,0.7190881828120848,0.9726516052318668,0.7518382352941176,0.8895423799076767,1.43901697809773,0.17293819785118103,0.0,0.2422867715358734,0.0,0.4951403409242631,141.46343994140625,0.09812113642692566,0.0,0.13895341753959656,0.0,0.30984460711479195,80.26309204101562,0.4450274407863617,0.4424358010292053,0.14912335574626923,0.2679992377758026,0.6461277961730957,364.0324401855469,True,True,0,9,True,Marginal
8,1501.0,11.804130579613592,490.8207861425716,1501.0,169.29646455628165,67.41012313130612,29.884700911873324,0.8963601524268107,0.9784876140808344,0.7188697318007663,0.6581043761897175,2.255673340352012,0.10743504762649536,0.0,0.2343856394290924,0.0,0.4859302341938019,161.260009765625,0.0883788987994194,0.0,0.1607125699520111,0.0,0.27725231647491455,132.65672302246094,0.349764883518219,0.3469527065753937,0.07457157224416733,0.260593444108963,0.4461546838283539,524.9970703125,False,True,0,16,True,Anterior
9,1497.0,653.2585170340682,73.31462925851703,1497.0,143.0538238691624,46.19397099843238,41.40799678798481,0.4432582326888568,0.9771540469973891,0.7937433722163308,0.9192480603086063,1.1155809162890076,0.22601118683815002,0.2581792175769806,0.24180403351783752,0.0,0.5293724656105042,338.3387451171875,0.10300575196743011,0.0,0.17587780952453613,0.0,0.3497166454792023,154.19961547851562,0.35751113295555115,0.3544909358024597,0.07216084748506546,0.26545532941818234,0.4552558183670044,535.1941528320312,True,True,0,25,True,Anterior
10,926.0,578.8153347732182,153.45680345572353,926.0,112.08326112068522,35.88689702267594,33.1493782897119,0.3830728011561779,0.9726890756302521,0.801038062283737,0.9262737012296139,1.082581299384841,0.21783635020256042,0.0,0.2754741907119751,0.0,0.5220887660980225,201.71646118164062,0.10029929876327515,0.0,0.18053071200847626,0.0,0.3370872139930725,92.87715148925781,0.29363590478897095,0.290295273065567,0.07917943596839905,0.19004084914922714,0.402132511138916,271.9068603515625,True,False,0,6,True,Anterior
11,502.0,823.5657370517928,386.07768924302786,502.0,83.01219330881975,29.109776553543767,22.00817075128014,0.654524808083219,0.9691119691119691,0.7606060606060606,0.9154398287667793,1.322680420945505,0.16100025177001953,0.0,0.24793651700019836,0.0,0.4764923691749573,80.82212829589844,0.14191532135009766,0.0,0.21709130704402924,0.0,0.5086799144744873,71.24149322509766,0.24636037647724152,0.24168719351291656,0.043324701488018036,0.1959758698940277,0.30333410799503324,123.67291259765625,True,False,0,7,True,Marginal
12,1186.0,164.68549747048903,932.8844856661045,1186.0,131.39696961967,46.683092630931355,32.532132672839516,0.7171956763604432,0.9689542483660131,0.7431077694235589,0.8632246917630528,1.4349840848247313,0.1671145260334015,0.2477864921092987,0.18798956274986267,0.0,0.49652349948883057,198.1978302001953,0.08109322935342789,0.0,0.1515686959028244,0.0,0.23859753459692,96.17656707763672,0.265261173248291,0.2496754676103592,0.08876799046993256,0.16787629574537277,0.36657044291496277,314.5997619628906,False,False,0,7,True,Anterior
13,1472.0,987.3125,294.1039402173913,1472.0,144.95331880577402,51.84977144532026,36.22854052146204,0.7153939635113015,0.9767750497677505,0.7506374298827129,0.8803621198045121,1.431185764013985,0.15276865661144257,0.2263612449169159,0.16117672622203827,0.0,0.24209231436252593,224.87547302246094,0.09343618154525757,0.0,0.15752747654914856,0.0,0.3462976008653641,137.53805541992188,0.3152158558368683,0.3094152510166168,0.06997238099575043,0.22726553231477736,0.4106528252363206,463.99774169921875,False,False,0,26,True,Marginal
14,704.0,921.4928977272727,506.25710227272725,704.0,103.15432893255071,39.51198921202165,23.014693010253083,0.8128495766287287,0.9696969696969697,0.6795366795366795,0.8313953801806863,1.7168158269336462,0.27168843150138855,0.26599419116973877,0.2613794207572937,0.0,0.55042804479599,191.26864624023438,0.09474357962608337,0.0,0.16190089285373688,0.0,0.3466706782579422,66.69947814941406,0.36546948552131653,0.3708319664001465,0.07764177769422531,0.2626550704240799,0.4617749363183975,257.29052734375,False,True,0,5,True,Marginal
15,6774.0,290.20932979037497,888.9760850310009,6774.0,314.73506473629425,106.54229682321157,81.32032932225293,0.6460819683881269,0.9838779956427015,0.7556894243641231,0.859339540570829,1.3101557471688297,0.14326630532741547,0.0,0.20672088861465454,0.0,0.5070978760719299,970.4859619140625,0.11934926360845566,0.0,0.19719970226287842,0.0,0.39810043573379483,808.471923828125,0.31493011116981506,0.31183671951293945,0.0821520984172821,0.21129146218299866,0.4237409561872482,2133.336669921875,True,False,0,90,True,Anterior
16,933.0,951.9271168274383,109.62057877813506,933.0,112.5685424949238,39.4924166327592,30.131283037286423,0.646441248172381,0.9790136411332634,0.7622549019607843,0.925246437845779,1.3106782271398367,0.23117664456367493,0.2821534276008606,0.22929151356220245,0.0,0.5694587469100952,215.68780517578125,0.08773530274629593,0.0,0.1695142686367035,0.0,0.36579166650772105,81.85704040527344,0.3441527485847473,0.3430846333503723,0.05316173657774925,0.27584211230278016,0.4149512708187103,321.0945129394531,False,True,0,16,True,Marginal
17,981.0,983.2385321100918,120.48318042813456,981.0,115.39696961966999,40.24951494951094,31.111903634610716,0.6344354278421911,0.981,0.76640625,0.9257422032315753,1.2937014533798892,0.37068378925323486,0.3033303916454315,0.3165132403373718,0.0,0.8690885901451111,363.64080810546875,0.14144831895828247,0.0,0.2032318413257599,0.0,0.3909721374511719,138.76080322265625,0.3400577902793884,0.3401242792606354,0.06064220890402794,0.25911325216293335,0.4231725037097931,333.5966796875,True,True,0,18,True,Marginal
18,1010.0,897.2990099009901,38.587128712871284,1010.0,119.39696961966999,41.59860451820858,31.032977829401823,0.6659346641090608,0.9711538461538461,0.7464892830746489,0.8903169248295694,1.3404644809431239,0.24470031261444092,0.2685357928276062,0.240488201379776,0.0,0.5590487003326416,247.14730834960938,0.09202596545219421,0.0,0.16459140181541443,0.0,0.3455051392316818,92.94622802734375,0.3508550822734833,0.35233718156814575,0.07204167544841766,0.2583833605051041,0.4461335748434067,354.3636474609375,False,True,0,15,True,Marginal
19,1257.0,947.9077167859984,152.63643595863167,1257.0,132.46803743153546,46.47013039330207,34.78430819565924,0.6631004046989679,0.9789719626168224,0.7495527728085868,0.9001666886196555,1.335950973407633,0.1508708894252777,0.0,0.19293247163295746,0.0,0.27825101613998415,189.64471435546875,0.1050749123096466,0.0,0.17537708580493927,0.0,0.37680763006210327,132.07916259765625,0.35052916407585144,0.3543216288089752,0.07376270741224289,0.2532760500907898,0.44337362647056583,440.61517333984375,True,True,0,19,True,Marginal
20,1788.0,835.687360178971,55.60906040268456,1788.0,157.78174593052023,54.192508926780505,42.27378918359611,0.6256959624568053,0.9808008776741635,0.7667238421955404,0.9025346070841953,1.2819411264843352,0.1675707995891571,0.24312496185302734,0.17873632907867432,0.0,0.49539593756198885,299.6165771484375,0.1375153660774231,0.0,0.20464682579040527,0.0,0.46250741481781005,245.87747192382812,0.41335615515708923,0.4046506881713867,0.11354861408472061,0.27134067118167876,0.574130368232727,739.080810546875,True,True,0,25,True,Marginal
21,467.0,828.6231263383297,482.661670235546,467.0,81.35533905932738,29.450048592987905,20.40089755393072,0.721198152525495,0.9648760330578512,0.7668308702791461,0.8866549149031344,1.4435663193315558,0.10672000050544739,0.0,0.1972217857837677,0.0,0.4879803478717804,49.83824157714844,0.13444961607456207,0.0,0.20518526434898376,0.0,0.44849532246589663,62.787967681884766,0.42109912633895874,0.4495876133441925,0.1481449007987976,0.21894108951091767,0.5996721386909486,196.65328979492188,True,True,0,7,True,Marginal
22,1907.0,110.80073413738857,947.8175144205559,1907.0,164.8528137423857,55.75269888810735,44.15890714803764,0.610456639829634,0.9759467758444217,0.7402950310559007,0.8817953995572689,1.2625470712217326,0.18445102870464325,0.2456550896167755,0.1900477558374405,0.0,0.49809648394584655,351.74810791015625,0.10184723883867264,0.0,0.1694546639919281,0.0,0.3383077323436738,194.22268676757812,0.2877991199493408,0.277725487947464,0.08380330353975296,0.18717503249645234,0.39951588511466984,548.8329467773438,True,False,0,22,True,Anterior
23,921.0,825.2899022801303,186.42019543973942,921.0,112.32590180780451,38.72319354513306,30.343050203774663,0.6212801460110586,0.9735729386892178,0.7871794871794872,0.9172963516544124,1.276179991302124,0.18434739112854004,0.22892694175243378,0.16441917419433594,0.0,0.4594895541667938,169.78395080566406,0.112074114382267,0.0,0.1832718700170517,0.0,0.35889407992362976,103.22026062011719,0.4032377302646637,0.38401591777801514,0.12719692289829254,0.24786943197250366,0.5839506387710571,371.3819580078125,True,True,0,15,True,Marginal
24,960.0,551.0291666666667,57.639583333333334,960.0,117.9827560572969,42.98311409167135,28.59358708568773,0.7466399472067581,0.9706774519716885,0.7239819004524887,0.8666505621678868,1.5032431559867552,0.12833605706691742,0.0,0.23643682897090912,0.0,0.5835982620716095,123.20262145996094,0.11450989544391632,0.0,0.1878858208656311,0.0,0.36378832757473,109.92949676513672,0.3388153612613678,0.32948046922683716,0.07287107408046722,0.25006878972053526,0.4454907029867172,325.26275634765625,True,True,0,15,True,Anterior
25,323.0,864.7925696594427,309.98142414860683,323.0,66.2842712474619,22.531089410499664,18.365139325981783,0.5793172635892757,0.9472140762463344,0.7727272727272727,0.9238286246237964,1.226840102357632,0.12118829041719437,0.0,0.23669765889644623,0.0,0.535672390460968,39.14381790161133,0.11583412438631058,0.0,0.20261797308921814,0.0,0.48571986556053165,37.41442108154297,0.370588093996048,0.3611297905445099,0.1236623078584671,0.20151350498199463,0.5255031824111939,119.699951171875,True,True,0,4,True,Marginal
26,1210.0,771.9363636363636,48.082644628099175,1210.0,129.7401153701776,44.32322589933491,34.9213740239938,0.6158290611753428,0.9750201450443191,0.8002645502645502,0.9033305016450185,1.2692291508599083,0.17416119575500488,0.0,0.24604089558124542,0.0,0.5377315759658815,210.73504638671875,0.09876595437526703,0.0,0.17289362847805023,0.0,0.3427228510379791,119.50680541992188,0.3524070084095001,0.35976240038871765,0.06102301925420761,0.2724871188402176,0.42898690402507783,426.4124755859375,True,True,0,22,True,Marginal
27,1485.0,583.6101010101011,61.01750841750842,1485.0,148.46803743153546,53.49650166213745,35.67046418447268,0.7452534912730435,0.9718586387434555,0.7515182186234818,0.8465846354091119,1.499742234513013,0.168106347322464,0.0,0.22467617690563202,0.0,0.5681711196899414,249.63792419433594,0.10244409739971161,0.0,0.18484161794185638,0.0,0.36878508329391485,152.12948608398438,0.3199782967567444,0.31076258420944214,0.05826146528124809,0.25458877682685854,0.3995109677314759,475.1677551269531,True,False,0,19,True,Anterior
28,1163.0,1008.5503009458298,183.34135855546,1163.0,127.74011537017762,46.616914306630065,31.839972650278142,0.7304059329767136,0.9806070826306914,0.8155680224403927,0.8956430714707677,1.4641003250429248,0.24894870817661285,0.32356297969818115,0.2535649836063385,0.0,0.6632287859916687,289.52734375,0.09886939823627472,0.0,0.1674627661705017,0.0,0.3443493962287903,114.985107421875,0.33496665954589844,0.3210814297199249,0.07762530446052551,0.23631434440612792,0.4396008551120758,389.56622314453125,True,True,0,14,True,Marginal
29,526.0,227.72433460076044,214.75665399239543,526.0,83.84062043356595,28.35587743063697,23.673666235477512,0.5504367443936229,0.9704797047970479,0.7514285714285714,0.9403437474373997,1.1977814145298147,0.29105043411254883,0.21624788641929626,0.30828797817230225,0.0,0.859453409910202,153.092529296875,0.09467025846242905,0.0,0.14940933883190155,0.0,0.30105122923851013,49.79655456542969,0.2196730077266693,0.1985962688922882,0.08554768562316895,0.13234449177980423,0.36384670436382294,115.54800415039062,False,False,0,5,False,Anterior
30,1521.0,972.1531886916503,174.88954635108482,1521.0,145.78174593052023,51.39918211083337,37.981610279991436,0.6737563268066372,0.9787644787644788,0.7354932301740812,0.8993583759752474,1.3532649545906763,0.14132367074489594,0.0,0.1800476759672165,0.0,0.3005330264568329,214.9532928466797,0.10407713800668716,0.0,0.17283591628074646,0.0,0.3673085570335388,158.30133056640625,0.357848584651947,0.3650636672973633,0.06674640625715256,0.2679012417793274,0.44118621945381165,544.2877197265625,True,True,0,25,True,Marginal
31,1695.0,729.8401179941003,383.2790560471976,1695.0,182.50966799187808,71.65427548026645,33.22579142319017,0.8859944370803926,0.9247135842880524,0.5420530860249441,0.6394518032847404,2.1565859656319537,0.17435716092586517,0.0,0.24950334429740906,0.0,0.4715341031551361,295.535400390625,0.10634014010429382,0.0,0.184715136885643,0.0,0.3510779082775117,180.2465362548828,0.34079596400260925,0.33603835105895996,0.09746599942445755,0.21253058910369874,0.4687398374080659,577.649169921875,True,True,0,25,True,Anterior
32,944.0,993.7552966101695,540.1906779661017,944.0,116.42640687119285,41.03114171497352,29.678626289486985,0.6905134700153192,0.9662231320368475,0.8068376068376069,0.8751426893909389,1.3825148547898904,0.11091030389070511,0.0,0.15411879122257233,0.0,0.25777157843112947,104.69932556152344,0.09560137242078781,0.0,0.16607339680194855,0.0,0.34242802262306216,90.24769592285156,0.3773501217365265,0.38013625144958496,0.09406104683876038,0.2534295588731766,0.497532930970192,356.218505859375,False,True,0,14,True,Marginal
33,806.0,527.0967741935484,44.74813895781638,806.0,107.63961030678928,38.82394958655923,26.45287343782293,0.731953565117597,0.9675870348139256,0.6978354978354978,0.8741796095237371,1.467664738872861,0.20240333676338196,0.0,0.2644841969013214,0.0,0.5934893190860748,163.1370849609375,0.09562108665704727,0.0,0.17391161620616913,0.0,0.360047310590744,77.07059478759766,0.32585951685905457,0.31823569536209106,0.07803341001272202,0.23306439816951752,0.43646240234375,262.64276123046875,False,True,0,10,True,Anterior
34,1095.0,833.8913242009132,234.95251141552512,1095.0,123.05382386916237,43.228437242313795,32.319996703263875,0.6640863167738885,0.9768064228367529,0.741869918699187,0.9087276769906705,1.3375136649673085,0.1881120800971985,0.23928256332874298,0.19087806344032288,0.0,0.4852864325046539,205.98272705078125,0.09207892417907715,0.0,0.1612483561038971,0.0,0.24425887167453766,100.82642364501953,0.3402164578437805,0.34015634655952454,0.08496736735105515,0.22326285541057586,0.4517592012882233,372.5370178222656,False,True,0,13,True,Marginal
35,519.0,564.3680154142581,104.94990366088632,519.0,83.01219330881975,28.390466877330514,23.35694565575144,0.568470244180857,0.9737335834896811,0.7688888888888888,0.9464407791433435,1.215504257096202,0.23820579051971436,0.27482208609580994,0.2885901927947998,0.0,0.5732922792434693,123.6288070678711,0.1129600927233696,0.0,0.192188560962677,0.0,0.33984342217445374,58.62628936767578,0.29865214228630066,0.3032790720462799,0.06934243440628052,0.19292981922626495,0.3899511456489563,155.00045776367188,True,False,0,6,True,Anterior
36,1057.0,653.3736991485335,242.1523178807947,1057.0,121.74011537017762,41.897617673077654,32.197373406041756,0.6398768982814456,0.970615243342516,0.7743589743589744,0.8962257822392743,1.3012743972840863,0.11851496249437332,0.0,0.19282278418540955,0.0,0.5167837738990784,125.27031707763672,0.11086362600326538,0.0,0.19220171868801117,0.0,0.3581657111644745,117.18285369873047,0.3224892318248749,0.32798823714256287,0.06989972293376923,0.23042449653148653,0.4067379474639892,340.8711242675781,True,False,0,22,True,Anterior
37,3271.0,996.3372057474778,599.2112503821461,3271.0,235.86500705120545,88.10393750905351,49.782951903068984,0.8250580467513491,0.9539224263633712,0.6232850609756098,0.738862084317884,1.769761216261307,0.15038195252418518,0.0,0.21948756277561188,0.0,0.4946211278438568,491.89935302734375,0.08360722661018372,0.0,0.14832164347171783,0.0,0.2862187325954437,273.479248046875,0.5278483033180237,0.48964008688926697,0.24106237292289734,0.2398182600736618,0.9069022536277771,1726.591796875,False,True,0,25,True,Marginal
38,525.0,135.77904761904762,931.5219047619048,525.0,98.42640687119285,40.43508745870862,17.63550669277447,0.8998770556361099,0.9005145797598628,0.6169212690951822,0.6809981076796231,2.292822551862118,0.22367998957633972,0.24574217200279236,0.2521197497844696,0.0,0.5111913681030273,117.43199157714844,0.06461459398269653,0.0,0.12161639332771301,0.0,0.24758999645709995,33.92266082763672,0.23212428390979767,0.22587591409683228,0.08893302828073502,0.12036936581134797,0.34504703879356385,121.86524963378906,False,False,0,3,True,Anterior
39,1999.0,631.0520260130065,742.6968484242121,1999.0,186.26702730475878,74.73642103673139,34.56368754489621,0.886632592593362,0.972749391727494,0.6771680216802168,0.7240202131770935,2.1622814677876354,0.2017689198255539,0.0,0.28581729531288147,0.0,0.6379827260971069,403.3360595703125,0.1082683652639389,0.0,0.18201996386051178,0.0,0.3808928012847901,216.428466796875,0.671646237373352,0.6924563646316528,0.15545277297496796,0.45521374940872195,0.8538452863693238,1342.620849609375,True,True,0,23,True,Anterior
40,168.0,715.327380952381,618.0178571428571,168.0,49.21320343559643,19.632987592494683,10.905094297605222,0.8315515924317031,0.9333333333333333,0.7368421052631579,0.8716775778299176,1.8003500984678438,0.48544612526893616,0.4913662374019623,0.3273446559906006,0.0,0.9760434865951538,81.55494689941406,0.21312150359153748,0.03399845212697983,0.282412052154541,0.0,0.6276173949241638,35.804412841796875,0.7519745826721191,0.837590217590332,0.24182209372520447,0.33780907988548275,1.0,126.33172607421875,True,True,0,1,True,Anterior
41,832.0,819.4723557692307,282.79927884615387,832.0,113.7401153701776,44.430832791726424,23.967807261692656,0.8420234817094406,0.9640787949015064,0.7166236003445305,0.8081758365608231,1.853771281895256,0.1951444298028946,0.0,0.25310996174812317,0.0,0.5330635786056519,162.36016845703125,0.10537748783826828,0.0,0.16209541261196136,0.0,0.3486379742622375,87.674072265625,0.4322018325328827,0.411988228559494,0.1385493129491806,0.26422553062438964,0.6265515029430389,359.5919189453125,True,True,0,8,True,Marginal
42,996.0,694.4698795180723,231.9156626506024,996.0,115.49747468305833,38.19592399170311,33.31261350454895,0.48923677713280944,0.9774288518155054,0.8157248157248157,0.9382622109407842,1.1465904344757378,0.21082164347171783,0.0,0.29628950357437134,0.0,0.7843489944934845,209.97836303710938,0.11049652844667435,0.0,0.18629612028598785,0.0,0.37581445276737213,110.0545425415039,0.33201298117637634,0.3321300148963928,0.0736587792634964,0.2353649139404297,0.426810085773468,330.6849365234375,True,True,0,13,True,Anterior
43,516.0,845.8720930232558,756.203488372093,516.0,87.25483399593904,32.39652849022281,20.486854346663613,0.7746599056026741,0.9573283858998145,0.7010869565217391,0.8516880867256166,1.5813324945856684,0.09525987505912781,0.0,0.18865074217319489,0.0,0.33256620168685913,49.15409469604492,0.13099122047424316,0.010793155059218407,0.18381130695343018,0.0,0.4096055179834366,67.59146881103516,0.7604766488075256,0.8027462959289551,0.18528179824352264,0.48526889085769653,0.9715034663677216,392.40594482421875,True,True,0,3,True,Marginal
44,567.0,933.2010582010582,530.2557319223986,567.0,89.84062043356595,32.68123191158847,22.573426986801504,0.7231268013658556,0.9675767918088737,0.7316129032258064,0.8827697403563849,1.447774497452111,0.14857225120067596,0.2792724072933197,0.14897455275058746,0.0,0.2849812626838684,84.24046325683594,0.12558585405349731,0.0,0.1875263899564743,0.0,0.3536531090736389,71.2071762084961,0.28271496295928955,0.2836071848869324,0.05487694963812828,0.21244941055774688,0.35144699811935426,160.29937744140625,True,False,0,7,True,Marginal
45,1288.0,728.2701863354038,51.85403726708075,1288.0,134.81118318204307,45.17819282327648,36.534076846217744,0.5882677968894815,0.968421052631579,0.7703349282296651,0.8905819451130383,1.2366041986894665,0.11978599429130554,0.0,0.18332397937774658,0.0,0.2749649316072464,154.28436279296875,0.13805674016475677,0.0845576673746109,0.19139215350151062,0.0,0.4617978364229202,177.81707763671875,0.3233635127544403,0.3101249933242798,0.0933048352599144,0.21398961693048477,0.45158673226833346,416.4921875,True,True,0,24,True,Anterior
46,97.0,187.95876288659792,854.9587628865979,97.0,34.14213562373095,11.222732926745422,11.019007672318763,0.18967416995479375,0.9603960396039604,0.8016528925619835,1.0456834438381355,1.01848853004599,0.4503278434276581,0.5194727182388306,0.2458508163690567,0.1547460615634922,0.7821252226829529,43.681800842285156,0.1463802605867386,0.0,0.2223469465970993,0.0,0.46946635842323303,14.198884963989258,0.8426508903503418,0.9624179005622864,0.2034377008676529,0.47504438161849977,1.0,81.73713684082031,True,True,0,1,True,Anterior
47,449.0,518.8106904231626,690.9576837416481,449.0,82.18376618407356,26.53964567229989,22.587383939494064,0.525034668673981,0.9452631578947368,0.719551282051282,0.8353801009006592,1.1749765153588811,0.19431836903095245,0.0,0.2962782382965088,0.0,0.7449521660804749,87.24894714355469,0.12738746404647827,0.0,0.19987182319164276,0.0,0.43004425168037413,57.19697189331055,0.8084223866462708,0.8733310103416443,0.2010415494441986,0.5119420051574707,1.0,362.9816589355469,True,True,0,3,True,Anterior
48,868.0,877.3824884792626,483.80760368663596,868.0,109.1543289325507,39.142474597515445,28.243722408361993,0.6923498209152689,0.9763779527559056,0.7534722222222222,0.9154774709942431,1.38588228674584,0.21377171576023102,0.24901801347732544,0.21704132854938507,0.0,0.5094442188739777,185.55384826660156,0.11460838466882706,0.0,0.17992594838142395,0.0,0.3569021075963974,99.4800796508789,0.4084154963493347,0.4158599078655243,0.09065898507833481,0.28186494410037993,0.5221426606178283,354.504638671875,True,True,0,11,True,Marginal
49,774.0,696.9173126614987,118.02583979328165,774.0,105.1543289325507,37.27413695261865,26.537609809001243,0.702222326197958,0.9662921348314607,0.7113970588235294,0.8796228699201056,1.4045777755001772,0.14179545640945435,0.0,0.23348389565944672,0.0,0.5235551953315735,109.74967956542969,0.1240738108754158,0.0,0.17896290123462677,0.0,0.3519472509622574,96.03312683105469,0.40856465697288513,0.4172239899635315,0.09058774262666702,0.2890064120292664,0.5235585570335388,316.2290344238281,True,True,0,12,True,Anterior
50,940.0,741.518085106383,171.89361702127658,940.0,114.32590180780451,37.625899941523635,32.11553316858164,0.521013277266501,0.9690721649484536,0.7698607698607699,0.9037502824246136,1.1715794890907412,0.22000759840011597,0.0,0.2826922535896301,0.0,0.7859162509441375,206.80714416503906,0.11621472239494324,0.0,0.1797381341457367,0.0,0.36494266092777256,109.24183654785156,0.4384746849536896,0.4464999735355377,0.1147693321108818,0.27709487080574036,0.5851130843162536,412.16619873046875,True,True,0,14,True,Anterior
51,229.0,761.882096069869,751.2445414847161,229.0,54.04163056034261,17.558236278259027,16.691807722639563,0.31025304782389307,0.9703389830508474,0.7923875432525952,0.9853453194042442,1.05190741290677,0.38882505893707275,0.33295220136642456,0.4113614559173584,0.0,1.0,89.04093933105469,0.16057388484477997,0.0,0.23553185164928436,0.0,0.5440172195434573,36.771419525146484,0.7879260778427124,0.8202104568481445,0.17980600893497467,0.5457262992858887,1.0,180.43507385253906,True,True,0,1,True,Anterior
52,2119.0,625.763567720623,32.14818310523832,2119.0,197.92388155425118,80.53218299385179,34.51179650853549,0.9035196603008512,0.9545045045045045,0.6054285714285714,0.6797424958303903,2.3334682960921636,0.1856124848127365,0.0,0.24235637485980988,0.0,0.5583458542823792,393.3128662109375,0.1169201210141182,0.0,0.1905999630689621,0.0,0.3755723834037781,247.7537384033203,0.346724271774292,0.34243109822273254,0.0667179599404335,0.26407642364501954,0.4356004536151886,734.708740234375,True,True,0,34,True,Anterior
53,1778.0,258.96512935883015,15.216535433070867,1778.0,180.12489168102783,66.44679403186763,36.43148372099048,0.8362944791923416,0.9636856368563685,0.6864864864864865,0.6886430286466729,1.8238838291832575,0.2026510089635849,0.0,0.24279014766216278,0.0,0.541876882314682,360.3135070800781,0.0831068754196167,0.0,0.13340677320957184,0.0,0.27627716958522797,147.76402282714844,0.3449277877807617,0.33868101239204407,0.10096253454685211,0.23993977457284926,0.43901790380477906,613.2816162109375,False,True,0,21,True,Anterior
54,747.0,657.665327978581,208.78045515394913,747.0,106.42640687119285,40.695602201244434,23.53028165084608,0.8158935960329873,0.9651162790697675,0.7661538461538462,0.8287655040646806,1.7294991536907989,0.15400293469429016,0.0,0.25503844022750854,0.0,0.5447704553604126,115.04019165039062,0.08133182674646378,0.0,0.1525472104549408,0.0,0.34244080781936637,60.75487518310547,0.3965083956718445,0.39457955956459045,0.09686268121004105,0.2712568759918213,0.5200461983680725,296.1917724609375,False,True,0,10,True,Anterior
55,1069.0,847.1749298409728,127.5266604303087,1069.0,123.05382386916237,45.2748258875827,30.145480020963962,0.7461006727477907,0.9780420860018298,0.7272108843537415,0.8871505814639513,1.5018777560051255,0.16634491086006165,0.0,0.21415935456752777,0.0,0.49593953490257264,177.8227081298828,0.09981756657361984,0.0,0.16479374468326569,0.0,0.3529610335826874,106.7049789428711,0.3422297239303589,0.33790650963783264,0.08045843243598938,0.2388567954301834,0.44557523131370547,365.84356689453125,True,True,0,12,True,Marginal
56,1312.0,766.5868902439024,173.22560975609755,1312.0,162.95331880577402,61.67566481004404,30.159035450707382,0.8722870984583582,0.8706038487060385,0.6576441102756893,0.6208937369474357,2.045014500243158,0.13109830021858215,0.0,0.15564292669296265,0.0,0.25137404501438143,172.0009765625,0.10128835588693619,0.0,0.18641747534275055,0.0,0.3684502273797989,132.89031982421875,0.33730459213256836,0.3250975012779236,0.06921456009149551,0.25702686607837677,0.4372675865888596,442.54364013671875,True,True,0,22,True,Marginal
57,566.0,713.0318021201414,170.87455830388691,566.0,87.84062043356595,30.793203218288827,23.435161546869367,0.6486934424937216,0.9658703071672355,0.7546666666666667,0.9217974576314846,1.3139744377995295,0.15913763642311096,0.0,0.2590225040912628,0.0,0.5582854449748993,90.0718994140625,0.11600229889154434,0.0,0.20557020604610443,0.0,0.374575138092041,65.65730285644531,0.3624681234359741,0.3582215905189514,0.07947266101837158,0.2666376680135727,0.46836285293102264,205.15695190429688,True,True,0,12,True,Anterior
58,775.0,767.4606451612904,415.8916129032258,775.0,106.9116882454314,37.00044067377313,27.57424814964853,0.6667951270699627,0.9532595325953259,0.7142857142857143,0.8520423694115932,1.34184767152916,0.18451105058193207,0.0,0.25007566809654236,0.0,0.47443318367004395,142.99606323242188,0.11608529090881348,0.0,0.18566714227199554,0.0,0.35329226255416873,89.96610260009766,0.3594121038913727,0.37346115708351135,0.07995190471410751,0.24995349943637848,0.44806870222091677,278.54437255859375,True,True,0,8,True,Marginal
59,836.0,784.5047846889952,115.29306220095694,836.0,111.25483399593904,42.34230749355298,25.251527281245107,0.8027123887807531,0.9720930232558139,0.774074074074074,0.8487472132703738,1.6768216441704733,0.1645212471485138,0.22340869903564453,0.1875876933336258,0.0,0.4531407505273819,137.53976440429688,0.13815724849700928,0.0,0.20307627320289612,0.0,0.3636414110660553,115.49946594238281,0.3437589108943939,0.33393460512161255,0.07261846214532852,0.26196613907814026,0.4489537924528122,287.3824462890625,True,True,0,15,True,Marginal
60,474.0,368.78691983122366,104.62236286919831,474.0,79.11269837220809,27.99197689730502,21.634626314356396,0.6345440627198828,0.977319587628866,0.8229166666666666,0.9516906671349553,1.2938507229371456,0.17892713844776154,0.0,0.24685360491275787,0.0,0.6616970896720886,84.81146240234375,0.09489260613918304,0.0,0.15383870899677277,0.0,0.3332179188728332,44.979095458984375,0.4793170690536499,0.5257066488265991,0.21132200956344604,0.186277474462986,0.7322838187217713,227.1962890625,False,True,0,5,True,Anterior
61,662.0,960.1722054380665,502.7764350453172,662.0,95.84062043356595,29.608005018808036,28.75988765104825,0.2376325013895215,0.9622093023255814,0.7609195402298851,0.9056671603998058,1.0294895925203267,0.07713362574577332,0.0,0.1851549595594406,0.0,0.28661237359046937,51.062461853027344,0.09981222450733185,0.0,0.1853323131799698,0.0,0.35103481709957124,66.07569122314453,0.3096151649951935,0.31050413846969604,0.08345478773117065,0.20630349814891816,0.42167460918426514,204.96524047851562,True,False,0,8,True,Marginal
62,628.0,248.36146496815286,966.0684713375796,628.0,98.32590180780451,37.32173371098647,21.803531971437256,0.811606355998291,0.9515151515151515,0.6645502645502646,0.816269616248926,1.7117288043000622,0.10407249629497528,0.0,0.15628990530967712,0.0,0.31306119859218595,65.35752868652344,0.07905393093824387,0.0,0.12900276482105255,0.0,0.25196584761142754,49.64586639404297,0.32336023449897766,0.27909088134765625,0.1735554039478302,0.18619386553764344,0.520868492126465,203.07022094726562,False,True,0,5,True,Anterior
63,88.0,178.04545454545453,857.9886363636364,88.0,33.55634918610404,10.84059573966702,10.413758209319584,0.27784469192007794,0.9166666666666666,0.7272727272727273,0.9820715413787476,1.0409878472082679,0.5552286505699158,0.7859293222427368,0.3813268542289734,0.0,1.0,48.8601188659668,0.1190650463104248,0.04640965536236763,0.14122618734836578,0.0,0.3406926691532134,10.477724075317383,0.8867318630218506,0.9764128923416138,0.1782543957233429,0.5801748454570771,1.0,78.03240203857422,True,True,0,1,True,Anterior
64,2703.0,75.63706992230854,860.9741028486867,2703.0,220.3086578651014,89.15076279240762,39.33007678086204,0.8974266685012052,0.9716031631919483,0.6309523809523809,0.6998303618597713,2.266732487941347,0.13063731789588928,0.0,0.1873365044593811,0.0,0.30878220200538636,353.1126708984375,0.12025431543588638,0.0,0.20541685819625854,0.0,0.3869197607040406,325.04742431640625,0.3177073895931244,0.3219554126262665,0.08870474994182587,0.19781793653964996,0.42779872417449955,858.7630615234375,True,False,0,31,True,Anterior
65,1016.0,947.0177165354331,403.9271653543307,1016.0,126.12489168102785,50.10484233067846,25.90346845477759,0.8559942572253149,0.9741131351869607,0.6414141414141414,0.8026051820477575,1.9342908621736024,0.18811945617198944,0.24097715318202972,0.2050134241580963,0.0,0.4994637370109558,191.12936401367188,0.11556952446699142,0.0,0.17547376453876495,0.0,0.34319524466991425,117.41864013671875,0.3884192407131195,0.38798463344573975,0.07499269396066666,0.2885094881057739,0.48398493230342865,394.6339416503906,True,True,0,15,True,Marginal
66,894.0,762.9709172259508,362.87472035794184,894.0,117.29646455628165,45.39919077454131,25.44002133589852,0.8282472104611531,0.9727965179542981,0.6413199426111909,0.816540139044162,1.784557889127173,0.21096229553222656,0.2402946501970291,0.2579335868358612,0.0,0.4956117749214172,188.6002960205078,0.09568744152784348,0.0,0.18492372334003448,0.0,0.37443770170211793,85.54457092285156,0.40177667140960693,0.42505592107772827,0.10275250673294067,0.25450349748134615,0.5185119450092316,359.1883544921875,False,True,0,10,True,Anterior
67,940.0,897.1989361702127,319.0382978723404,940.0,124.01828996322963,39.303917068860045,32.226734974105774,0.5724537995008172,0.9108527131782945,0.6550522648083623,0.7680088775206143,1.2196059296866653,0.16328127682209015,0.0,0.23249921202659607,0.0,0.5145435512065888,153.48440551757812,0.12200254946947098,0.0,0.18897393345832825,0.0,0.37245190143585205,114.6823959350586,0.36642009019851685,0.3571676015853882,0.08660221099853516,0.26105802059173583,0.4846369534730911,344.43487548828125,True,True,0,16,True,Marginal
68,1273.0,816.1256873527101,507.48860958366066,1273.0,156.40916292848976,67.48146793015644,24.459687396113566,0.9319972853128565,0.9643939393939394,0.49960753532182106,0.6539038345807828,2.7588851336210727,0.1829454004764557,0.0,0.23683525621891022,0.0,0.48717029094696046,232.88949584960938,0.13676156103610992,0.0,0.19724899530410767,0.0,0.4346417725086212,174.09747314453125,0.458243191242218,0.41826051473617554,0.2155260145664215,0.18962495326995848,0.7964177012443542,583.3435668945312,True,True,0,13,True,Marginal
69,327.0,745.085626911315,988.34250764526,327.0,67.698484809835,24.208523230533597,17.397376355271074,0.6953753373511236,0.956140350877193,0.7694117647058824,0.8966020332107982,1.3915042553642794,0.136010080575943,0.0,0.20804095268249512,0.0,0.5187559962272644,44.47529602050781,0.13206593692302704,0.023467879742383957,0.19241179525852203,0.0,0.42061170339584364,43.18556213378906,0.7156603932380676,0.7620034217834473,0.25654539465904236,0.3847379326820374,1.0,234.0209503173828,True,True,0,3,True,Anterior
70,877.0,724.6647662485747,85.40706955530217,877.0,120.46803743153546,47.61650787830981,23.757417872461957,0.866640914416638,0.9605695509309967,0.6141456582633054,0.7593915965989215,2.004279595279744,0.2549634873867035,0.25468164682388306,0.25346699357032776,0.0,0.5153170108795166,223.60296630859375,0.10976951569318771,0.0,0.1816653609275818,0.0,0.336952269077301,96.26786804199219,0.4189015328884125,0.4152813255786896,0.09555120021104813,0.2942662239074707,0.5478797793388367,367.37664794921875,True,True,0,14,True,Anterior
71,1972.0,978.4700811359027,923.196247464503,1972.0,183.23759005323592,72.83050383625351,35.49607810736502,0.8731903818599862,0.9690417690417691,0.6067692307692307,0.7380531396612023,2.051790161604981,0.12391918152570724,0.0,0.16677331924438477,0.0,0.24947528243064881,244.36862182617188,0.08849599957466125,0.0,0.1524612009525299,0.0,0.2912409573793412,174.5141143798828,0.5673376321792603,0.5764105916023254,0.12724798917770386,0.4001553952693939,0.7301436126232147,1118.789794921875,False,True,0,16,True,Marginal
72,245.0,899.1673469387755,781.7224489795918,245.0,57.11269837220809,20.300483338453837,15.423992319564059,0.650175002044712,0.95703125,0.716374269005848,0.9438665371490914,1.316162697559461,0.12025195360183716,0.0,0.22635214030742645,0.0,0.5217167615890503,29.461729049682617,0.1563708484172821,0.026846010237932205,0.21688702702522278,0.0,0.47357516288757323,38.31085968017578,0.7100781202316284,0.7616209387779236,0.23526529967784882,0.35974076986312864,0.9699841856956481,173.96914672851562,True,True,0,2,True,Marginal
73,808.0,592.0284653465346,112.77103960396039,808.0,111.39696961966999,44.53944420226996,23.260471755039433,0.8527959135241276,0.9770253929866989,0.6601307189542484,0.8182282530342454,1.9148125915640724,0.14765198528766632,0.0,0.24788643419742584,0.0,0.5565348386764527,119.30280303955078,0.12377630174160004,0.0,0.1956586390733719,0.0,0.4479966491460801,100.0112533569336,0.33703094720840454,0.3365442156791687,0.06575264036655426,0.2510392487049103,0.4244302809238434,272.3210144042969,True,True,0,14,True,Anterior
74,1982.0,681.3632694248234,38.72704339051463,1982.0,168.36753236814712,57.442933046615984,44.39258024205243,0.6346351870880229,0.9782823297137216,0.7727095516569201,0.8786113728376421,1.2939759917852476,0.16139668226242065,0.0,0.21905648708343506,0.0,0.5268712759017944,319.8882141113281,0.08590003848075867,0.0,0.15266427397727966,0.0,0.35614012479782103,170.25387573242188,0.3325287699699402,0.3237592577934265,0.09133044630289078,0.21655642241239548,0.46226420104503635,659.072021484375,False,True,0,29,True,Anterior
75,841.0,839.5719381688466,98.81212841854935,841.0,112.9116882454314,40.55813030624489,26.74685215017883,0.7517312723637682,0.9513574660633484,0.7332170880557978,0.8289494693146133,1.5163702284858862,0.050881966948509216,0.0,0.11614975333213806,0.0,0.25182536244392395,42.79173278808594,0.09873028099536896,0.0,0.1600337028503418,0.0,0.3403612971305847,83.03216552734375,0.3809454143047333,0.38478678464889526,0.08073854446411133,0.2706071436405182,0.48739999532699585,320.3750915527344,True,True,0,13,True,Marginal
76,405.0,777.1827160493827,678.6987654320988,405.0,75.35533905932738,27.328351243260368,18.987061724888136,0.7192269248220123,0.9619952494061758,0.7336956521739131,0.8962658121711733,1.4393143941507556,0.27682510018348694,0.0,0.3398742973804474,0.0,0.9378276228904726,112.11416625976562,0.14716583490371704,0.0,0.2203386425971985,0.0,0.4752944350242615,59.60216522216797,0.8121057748794556,0.8163391351699829,0.14225201308727264,0.6220043301582336,0.9939039587974549,328.90283203125,True,True,0,5,True,Marginal
77,990.0,744.8686868686868,962.1292929292929,990.0,118.08326112068522,38.071273943875056,33.41212500014698,0.4793563500765299,0.966796875,0.8108108108108109,0.8922126601047804,1.1394448555339591,0.2095639556646347,0.0,0.23219744861125946,0.0,0.5397587358951569,207.46832275390625,0.06676702946424484,0.0,0.11943160742521286,0.0,0.2164051666855812,66.09935760498047,0.2709353566169739,0.2566677927970886,0.08270831406116486,0.17968084067106246,0.37232633829116824,268.22601318359375,False,False,0,4,True,Anterior
78,1671.0,865.4189108318373,212.41472172351885,1671.0,159.33809511662426,51.52003546976054,43.08314494088328,0.5483627202386852,0.9636678200692042,0.6558084772370487,0.8270791488708665,1.1958281026246802,0.11561477929353714,0.0,0.15730412304401398,0.0,0.23876240849494934,193.19229125976562,0.09490359574556351,0.0,0.1712365597486496,0.0,0.3658785820007324,158.5839080810547,0.3026371896266937,0.29576727747917175,0.04792141541838646,0.24690738320350647,0.3675364553928375,505.70672607421875,False,False,0,28,True,Marginal
79,1125.0,723.208,132.74844444444443,1125.0,126.46803743153546,44.90766795721645,31.930594634396083,0.7031640268403987,0.9689922480620154,0.7239382239382239,0.883895307467666,1.406415022062924,0.09739254415035248,0.0,0.15019215643405914,0.0,0.27588035464286803,109.56661224365234,0.10919766873121262,0.0,0.18723320960998535,0.0,0.36471785306930543,122.84737396240234,0.2549135684967041,0.25175735354423523,0.05324532836675644,0.18944686651229858,0.3264128267765045,286.77777099609375,True,False,0,17,True,Anterior
80,6528.0,493.0969669117647,189.1251531862745,6528.0,437.7300141024109,203.5205234985881,43.98228664882995,0.9763696028082164,0.8865951378514193,0.36752617948429234,0.42813167248993966,4.627329295622293,0.1552661657333374,0.0,0.24036116898059845,0.0,0.4720122754573822,1013.5775146484375,0.08307905495166779,0.0,0.14657413959503174,0.0,0.2858372420072556,542.340087890625,0.4278418719768524,0.34335267543792725,0.23740823566913605,0.20577584952116013,0.8823310792446136,2792.95166015625,False,True,0,66,True,Anterior
81,1499.0,667.8072048032021,173.29753168779186,1499.0,157.92388155425118,63.13504591868529,30.316457750291896,0.8771676232311238,0.9695989650711514,0.6034621578099839,0.7552937261114403,2.0825337326250595,0.14253464341163635,0.0,0.2377968728542328,0.0,0.5623454213142395,213.659423828125,0.11348593235015869,0.0,0.18518520891666412,0.0,0.36219578981399536,170.11541748046875,0.3528410494327545,0.34801149368286133,0.08308404684066772,0.2558016836643219,0.4580715775489807,528.9087524414062,True,True,0,25,True,Anterior
82,796.0,870.108040201005,452.97613065326635,796.0,110.32590180780451,39.06057656205016,26.749632080305105,0.7287082237585407,0.9671931956257594,0.7107142857142857,0.821803449018072,1.4602285536035169,0.19176878035068512,0.0,0.2455955296754837,0.0,0.4874652773141861,152.64794921875,0.12965074181556702,0.0,0.18916404247283936,0.0,0.36570407450199127,103.20199584960938,0.27003389596939087,0.2682497799396515,0.04846271127462387,0.2109927088022232,0.3247070908546448,214.94699096679688,True,False,0,14,True,Marginal
83,1115.0,319.01973094170404,943.9793721973094,1115.0,127.15432893255071,46.92366409191989,30.345584011109946,0.7627435477248375,0.9729493891797557,0.7907801418439716,0.866607475514357,1.5463094753668434,0.0434296689927578,0.0,0.11554539948701859,0.0,0.303179407119751,48.42407989501953,0.07886987179517746,0.0,0.14072585105895996,0.0,0.2710696578025818,87.93990325927734,0.3432908356189728,0.3401772975921631,0.05581708252429962,0.2721897780895233,0.4160326898097992,382.769287109375,False,True,0,17,True,Anterior
84,2403.0,255.20099875156055,835.6858094049105,2403.0,206.4386001800126,79.79405121528862,39.292645564031766,0.8703544566063688,0.9516831683168316,0.6846153846153846,0.7085684710203877,2.030763010987776,0.19345784187316895,0.2507225275039673,0.18894436955451965,0.0,0.5088934898376465,464.8791809082031,0.1291818767786026,0.0,0.211042582988739,0.0,0.45045406818389894,310.4240417480469,0.2741249203681946,0.2597831189632416,0.07711274921894073,0.18803608119487764,0.3768279314041139,658.72216796875,True,False,0,30,True,Anterior
85,101.0,898.940594059406,833.6831683168317,101.0,35.31370849898476,12.406135314923683,10.424147361313807,0.5422126379256945,0.9528301886792453,0.8347107438016529,1.0177581347121052,1.1901342992296375,0.11306484788656235,0.0,0.16081926226615906,0.0,0.23089295625686646,11.419549942016602,0.08803388476371765,0.056422606110572815,0.10421409457921982,0.0,0.22593925893306732,8.891422271728516,0.21289435029029846,0.20255811512470245,0.07207595556974411,0.12766854465007782,0.32426655292510986,21.502328872680664,False,False,0,1,False,Marginal
86,443.0,628.2889390519188,209.46501128668172,443.0,80.76955262170047,29.190109646469203,20.006087538624442,0.7281930014749958,0.9630434782608696,0.7383333333333333,0.8533323999123417,1.4590613776988515,0.10796308517456055,0.0,0.17872664332389832,0.0,0.5047887921333313,47.8276481628418,0.12314195930957794,0.0,0.19533775746822357,0.0,0.35658623576164244,54.55188751220703,0.2655104100704193,0.25242534279823303,0.0543348528444767,0.20252090096473693,0.34800467491149906,117.62110900878906,True,False,0,5,True,Anterior
87,2034.0,109.93805309734513,1004.5939036381515,2034.0,174.22539674441617,59.37538786790717,45.37579311102979,0.6449569641143141,0.9826086956521739,0.7970219435736677,0.8420500156811132,1.3085256211967875,0.2035263478755951,0.0,0.23759254813194275,0.0,0.579813152551651,413.97259521484375,0.07843467593193054,0.0,0.13132350146770477,0.0,0.2732789218425751,159.5361328125,0.36797550320625305,0.3303496837615967,0.12943780422210693,0.23445813953876496,0.586877578496933,748.462158203125,False,True,0,20,True,Anterior
88,767.0,982.6844850065189,393.77444589308993,767.0,112.22539674441617,44.33253210663271,22.41927695652519,0.862705229397148,0.9516129032258065,0.6116427432216905,0.7652845209398896,1.9774291647585722,0.1879519671201706,0.0,0.26115483045578003,0.0,0.6445899724960327,144.15916442871094,0.09351008385419846,0.0,0.15523777902126312,0.0,0.3086456716060638,71.72223663330078,0.39055824279785156,0.3852449655532837,0.127526193857193,0.23018925189971928,0.5607906818389893,299.55816650390625,False,True,0,7,True,Marginal
89,204.0,7.122549019607843,300.5833333333333,204.0,54.87005768508881,20.450360686854776,12.971309644091027,0.7731012081796338,0.9315068493150684,0.68,0.8514696998629486,1.5765841112405152,0.1996007263660431,0.0,0.2894320487976074,0.0,0.6015975117683411,40.71854782104492,0.0987636148929596,0.0,0.17851538956165314,0.0,0.3653036147356034,20.147777557373047,0.8414863348007202,0.9563804268836975,0.19557374715805054,0.5126618027687073,1.0,171.6632080078125,True,True,0,2,True,Anterior
90,2696.0,542.9169139465876,160.26891691394658,2696.0,217.9655121145938,83.65680786593133,42.78929542644623,0.8592915435865282,0.9553508150248051,0.6279990682506406,0.713106159085481,1.9550872953665566,0.1492001861333847,0.0,0.2508780360221863,0.0,0.501189261674881,402.24371337890625,0.10063110291957855,0.0,0.17645463347434998,0.0,0.31748929619789124,271.30145263671875,0.3728445768356323,0.33824896812438965,0.15495815873146057,0.19179117679595947,0.6130885481834412,1005.18896484375,True,True,0,33,True,Anterior
91,927.0,760.7518878101403,123.87378640776699,927.0,124.1543289325507,44.19705708795205,28.189900597157767,0.7701829589425001,0.8836987607244995,0.6897321428571429,0.755728611090235,1.5678330235903064,0.23076578974723816,0.23584502935409546,0.2446589469909668,0.0,0.6925518989562989,213.91989135742188,0.10397017747163773,0.0,0.1663057953119278,0.0,0.34834954142570496,96.38035583496094,0.4411830008029938,0.45060020685195923,0.1272672563791275,0.25584200620651243,0.6130946636199951,408.9766540527344,True,True,0,10,True,Anterior
92,642.0,841.9049844236761,22.562305295950157,642.0,107.35533905932738,46.08301201317638,17.912209929367222,0.9213667254402961,0.9582089552238806,0.7925925925925926,0.6999992848033953,2.572715047160255,0.01507615577429533,0.0,0.0764833614230156,0.0,0.0,9.678892135620117,0.10638066381216049,0.0,0.1756773740053177,0.0,0.36398983001708984,68.29638671875,0.33518990874290466,0.3360365629196167,0.05767187848687172,0.259606146812439,0.40672706067562103,215.19192504882812,True,True,0,5,True,Marginal
93,331.0,954.5105740181269,926.7915407854985,331.0,69.94112549695429,25.986469693735675,16.56572480823104,0.7704710393012031,0.9511494252873564,0.7072649572649573,0.8503008717982171,1.5686889643864985,0.07188233733177185,0.0,0.11670637875795364,0.0,0.2346918135881424,23.793054580688477,0.11869142204523087,0.024813957512378693,0.1691175401210785,0.0,0.36105361580848694,39.286861419677734,0.4216136038303375,0.4262907803058624,0.1583549678325653,0.20831897854804993,0.6251721978187561,139.55410766601562,True,True,0,2,True,Marginal
94,1747.0,969.7132226674299,468.6273611906125,1747.0,156.95331880577402,50.20057501452731,44.722543803196956,0.4542443759569123,0.9705555555555555,0.763548951048951,0.8911724708423957,1.1224892581118957,0.11360204219818115,0.0,0.19428245723247528,0.0,0.5364423990249634,198.4627685546875,0.09246421605348587,0.0,0.16593913733959198,0.0,0.3199971497058869,161.5349884033203,0.38345152139663696,0.3854884207248688,0.10258395969867706,0.2437985479831696,0.5171541929244995,669.8898315429688,False,True,0,24,True,Marginal
95,1737.0,775.1404720782959,461.52043753598156,1737.0,162.50966799187808,58.994478374240884,38.327007671162065,0.7602154047136608,0.9742007851934941,0.6688486715440893,0.826516021247951,1.539240393625339,0.11317624151706696,0.0,0.20245914161205292,0.0,0.46461965441703795,196.58712768554688,0.1237931028008461,0.0,0.19115795195102692,0.0,0.4161908507347107,215.02862548828125,0.3395223617553711,0.34255096316337585,0.11801034212112427,0.1852675259113312,0.4890796661376953,589.7503662109375,True,True,0,16,True,Marginal
96,1719.0,463.40081442699244,20.144851657940663,1719.0,180.53910524340094,61.38735968077881,40.73775081891852,0.7480717082042129,0.9306984298863021,0.5897084048027444,0.6627399782709381,1.5068912359361444,0.17784927785396576,0.0,0.2307109832763672,0.0,0.5076967716217041,305.722900390625,0.09921713918447495,0.0,0.18810030817985535,0.0,0.3313448011875153,170.55426025390625,0.40425512194633484,0.36358144879341125,0.19984929263591766,0.19341837763786315,0.7219895720481873,694.91455078125,True,True,0,20,True,Anterior
97,604.0,792.5215231788079,286.3592715231788,604.0,94.91168824543142,35.65530721322741,21.861786235690516,0.7899722810221921,0.9664,0.6741071428571429,0.8425727428874481,1.630942084458691,0.17968034744262695,0.0,0.2587711215019226,0.0,0.5240996420383454,108.52693176269531,0.1127842515707016,0.0,0.20634980499744415,0.0,0.364234858751297,68.12168884277344,0.3679308593273163,0.35696011781692505,0.09342054277658463,0.24607089012861255,0.4927799165248871,222.23023986816406,True,True,0,9,True,Marginal
98,869.0,1009.5235903337169,450.00690448791715,869.0,114.22539674441617,42.76055955222401,26.37507455455805,0.7871132912348343,0.9753086419753086,0.6896825396825397,0.8369592048801637,1.621248859932958,0.11307453364133835,0.0,0.13342100381851196,0.0,0.22795621454715728,98.26177215576172,0.08059004694223404,0.0,0.13591325283050537,0.0,0.28584195971488957,70.03275299072266,0.2897289991378784,0.28757718205451965,0.056243643164634705,0.21722500026226044,0.3668979346752167,251.77450561523438,False,False,0,15,True,Marginal
99,1738.0,28.19390103567319,448.27905638665135,1738.0,202.9655121145938,88.66869900772956,25.600372695162513,0.9574137631149019,0.9369272237196765,0.4489795918367347,0.5301699866658585,3.463570630926187,0.22332027554512024,0.0,0.3010510802268982,0.0,0.712397301197052,388.1306457519531,0.12165234982967377,0.0,0.20880447328090668,0.0,0.4064764827489853,211.43177795410156,0.41316139698028564,0.38452857732772827,0.14825327694416046,0.27199545204639436,0.5828056931495667,718.0745239257812,True,True,0,18,True,Anterior
100,819.0,557.1868131868132,10.18070818070818,819.0,113.01219330881977,43.576471875244195,24.72067086860549,0.8235153440721469,0.9796650717703349,0.7936046511627907,0.8058294932143567,1.7627544214661668,0.2237871289253235,0.0,0.2760058641433716,0.0,0.5957718968391419,183.2816619873047,0.13540007174015045,0.0,0.2140093594789505,0.0,0.45450053811073304,110.89265441894531,0.28900593519210815,0.2866537868976593,0.052835166454315186,0.2247028112411499,0.358535498380661,236.69586181640625,True,False,0,17,True,Anterior
101,1514.0,581.7642007926024,531.9220607661823,1514.0,153.1959594928933,56.72860871501445,34.18584595990739,0.7980275907382551,0.9674121405750798,0.6881818181818182,0.8106644290255057,1.6594180170806612,0.2206563949584961,0.19379103183746338,0.2765835225582123,0.0,0.6101027667522431,334.07379150390625,0.11697756499052048,0.0,0.18749333918094635,0.0,0.3781714320182801,177.10403442382812,0.6943926811218262,0.7567880153656006,0.20240932703018188,0.3788484871387482,0.9183212339878082,1051.310546875,True,True,0,17,True,Anterior
102,221.0,54.28054298642534,764.8597285067873,221.0,56.87005768508881,21.408536247757777,13.27642212011181,0.784486269436226,0.9364406779661016,0.7015873015873015,0.8586868263458743,1.6125230166738236,0.1897558867931366,0.0,0.2255115509033203,0.0,0.4966674745082855,41.93605041503906,0.09660323709249496,0.0,0.16185744106769562,0.0,0.34186938405036926,21.349315643310547,0.8085134625434875,0.8321994543075562,0.15942108631134033,0.5724701881408691,0.9965760111808777,178.6814727783203,True,True,0,1,True,Anterior
103,572.0,804.9143356643357,162.4090909090909,572.0,90.42640687119285,33.7769374838979,21.64595043946416,0.7676661224076163,0.9678510998307953,0.7447916666666666,0.8790535743516995,1.560427553336579,0.1903107613325119,0.22231806814670563,0.1989814192056656,0.0,0.4459705799818039,108.85775756835938,0.11401282995939255,0.0,0.16886872053146362,0.0,0.3600908249616623,65.21533966064453,0.36359137296676636,0.3456793427467346,0.09036502987146378,0.25771930515766145,0.4901328682899475,207.97427368164062,True,True,0,8,True,Marginal
104,1623.0,507.5422057917437,108.96796056685152,1623.0,155.19595949289334,55.86052637386153,37.42701644192301,0.7423536049855045,0.9759470835838846,0.7300944669365722,0.8467740949004691,1.4925188188735945,0.12741973996162415,0.0,0.2076910436153412,0.0,0.5166866064071655,206.80223083496094,0.11911142617464066,0.0,0.17984268069267273,0.0,0.3892737567424774,193.31784057617188,0.2977566421031952,0.2656628489494324,0.15949469804763794,0.12338347434997558,0.5223393559455871,483.259033203125,True,False,0,15,True,Anterior
105,1157.0,909.7968885047537,183.35609334485738,1157.0,124.8111831820431,40.01923848741701,36.90633558876331,0.38667788953944615,0.9771959459459459,0.7817567567567567,0.9333321425385008,1.0843460302680787,0.16904403269290924,0.0,0.2174295336008072,0.0,0.4798951923847199,195.58395385742188,0.12607800960540771,0.0,0.18890811502933502,0.0,0.37820813655853275,145.87225341796875,0.32867494225502014,0.32716694474220276,0.06994083523750305,0.23721025586128236,0.41200127005577086,380.27691650390625,True,True,0,18,True,Marginal
106,577.0,144.7261698440208,961.5303292894281,577.0,106.70458146424487,36.45696240616816,21.6897428383477,0.8037693502588059,0.878234398782344,0.6118769883351007,0.636824178187877,1.6808388498600293,0.2455989122390747,0.24883264303207397,0.20037885010242462,0.0,0.5057664871215819,141.7105712890625,0.1151466816663742,0.0,0.1860542893409729,0.0,0.38626638650894163,66.43963623046875,0.5008653402328491,0.4845004975795746,0.1864079087972641,0.27817495465278624,0.7929697513580322,288.9992980957031,True,True,0,7,True,Anterior
107,9928.0,345.23267526188556,53.53636180499597,9928.0,392.2741699796952,132.061766029613,99.15731166595712,0.6604836606857015,0.9574693798823416,0.6624849859869211,0.8107598025062145,1.3318409284280013,0.14454394578933716,0.0,0.21092361211776733,0.0,0.4968946754932405,1435.0322265625,0.11657553911209106,0.0,0.19277045130729675,0.0,0.3841256380081183,1157.3619384765625,0.32829758524894714,0.31691962480545044,0.13884592056274414,0.17853551506996154,0.4678238213062287,3259.33837890625,True,True,0,117,True,Anterior
108,418.0,867.9808612440191,58.16267942583732,418.0,80.18376618407356,31.793970489449734,16.750527604317227,0.849960731424598,0.960919540229885,0.7450980392156863,0.8169834217383132,1.8980877044884996,0.24460090696811676,0.265691339969635,0.11698407679796219,0.0,0.273099011182785,102.24317932128906,0.13073138892650604,0.0,0.21194611489772797,0.0,0.46313409209251405,54.645721435546875,0.28497859835624695,0.28315871953964233,0.061035044491291046,0.2123043045401573,0.36907003819942474,119.12104797363281,True,False,0,7,True,Marginal
109,712.0,1010.7261235955057,140.99859550561797,712.0,98.18376618407356,32.49241392589356,28.11429635727276,0.5013281466344551,0.9753424657534246,0.8240740740740741,0.9281335755422311,1.1557256675743992,0.2077825665473938,0.0,0.2443433701992035,0.0,0.6417713582515716,147.94119262695312,0.12205430120229721,0.0,0.18498553335666656,0.0,0.3648847877979278,86.90266418457031,0.2651855945587158,0.2639613151550293,0.05763823911547661,0.18881903290748597,0.3425238400697708,188.8121337890625,True,False,0,8,True,Marginal
110,980.0,660.7010204081632,115.0265306122449,980.0,116.81118318204308,37.01048618182944,33.91945413246779,0.4000753198043264,0.9702970297029703,0.7567567567567568,0.9025413200531408,1.0911285906102748,0.17843011021614075,0.0,0.22559356689453125,0.0,0.5204619586467742,174.86151123046875,0.12092360109090805,0.0,0.20756308734416962,0.0,0.46631672084331516,118.505126953125,0.29638347029685974,0.29282262921333313,0.044322893023490906,0.24003299176692963,0.35092202126979827,290.455810546875,True,False,0,20,True,Anterior
111,873.0,668.077892325315,343.495990836197,873.0,113.25483399593904,41.212316209446804,27.261068818136774,0.7499639634852633,0.967849223946785,0.7794642857142857,0.8552845206796508,1.5117645050669573,0.1532929390668869,0.0,0.23673124611377716,0.0,0.4986101746559143,133.82473754882812,0.10747513175010681,0.0,0.17405706644058228,0.0,0.323480361700058,93.82579040527344,0.32410281896591187,0.3544738292694092,0.12373697012662888,0.12547188401222228,0.4668552458286286,282.9417724609375,True,True,0,9,True,Anterior
112,970.0,1009.5340206185567,91.67216494845361,970.0,120.91168824543142,45.09859060652998,28.26705531902585,0.7791934065485435,0.9817813765182186,0.739329268292683,0.83376762598427,1.5954470707168158,0.1570490300655365,0.0,0.28732624650001526,0.0,0.7262104690074921,152.33755493164062,0.10779496282339096,0.0,0.18782813847064972,0.0,0.38179861307144164,104.56111145019531,0.33193790912628174,0.3318347930908203,0.05913296341896057,0.2496746927499771,0.41056588292121887,321.9797668457031,True,True,0,14,True,Marginal
113,489.0,1005.5419222903886,8.132924335378323,489.0,83.94112549695427,32.401697722404315,19.595165021796003,0.796409782217588,0.9839034205231388,0.8042763157894737,0.8721057444203407,1.6535557463467854,0.42333459854125977,0.5154265761375427,0.3432435393333435,0.0,1.0,207.0106201171875,0.09597018361091614,0.0,0.20247776806354523,0.0,0.3043375015258789,46.929420471191406,0.44258320331573486,0.38805702328681946,0.16292837262153625,0.27001471519470216,0.7058882474899292,216.42318725585938,True,True,0,9,True,Marginal
114,6025.0,544.1639834024896,990.4793360995851,6025.0,328.35028842544403,112.5324656797661,73.69799391503217,0.7557118354174773,0.9647718174539631,0.6658930150309461,0.7022505872467373,1.5269406899936373,0.13195638358592987,0.0,0.16251559555530548,0.0,0.2964684545993805,795.0372314453125,0.09860345721244812,0.0,0.1671985685825348,0.0,0.33895688652992256,594.0858154296875,0.3227711617946625,0.30880269408226013,0.08621662855148315,0.23723566234111787,0.41596398353576663,1944.6962890625,True,True,0,88,True,Anterior
115,343.0,865.8075801749271,6.457725947521866,343.0,72.04163056034261,27.110795192943986,16.804799224153545,0.7847152825804858,0.9661971830985916,0.7939814814814815,0.8304947975707453,1.6132769473364268,0.13139291107654572,0.0,0.1628188043832779,0.0,0.4506012320518494,45.06776809692383,0.09598126262426376,0.0,0.16245083510875702,0.0,0.3727700233459473,32.921573638916016,0.44062501192092896,0.4384300410747528,0.12618985772132874,0.2818376362323761,0.6072018265724183,151.13438415527344,True,True,0,7,True,Marginal
116,738.0,806.6233062330623,34.386178861788615,738.0,108.74011537017762,34.65128565756945,27.781335768234143,0.5976724222478179,0.9236545682102628,0.6833333333333333,0.7843080037857448,1.2472865216650446,0.07591719180345535,0.0,0.13509590923786163,0.0,0.25347947478294375,56.02688980102539,0.10406218469142914,0.0,0.18637825548648834,0.0,0.3513066112995148,76.79788970947266,0.34132662415504456,0.33645719289779663,0.058720022439956665,0.2724765300750732,0.42190897762775426,251.8990478515625,True,True,0,12,True,Marginal
117,853.0,748.0128956623681,17.143024618991795,853.0,108.08326112068522,36.53960648018569,29.830189636220947,0.5775156575220799,0.9726339794754846,0.7861751152073733,0.9175759360827733,1.2249203550425276,0.1591668277978897,0.0,0.1991528868675232,0.0,0.29354456067085266,135.76930236816406,0.1102735698223114,0.0,0.18385574221611023,0.0,0.35156306624412537,94.0633544921875,0.35999926924705505,0.35594481229782104,0.09145474433898926,0.24722484350204468,0.4807763934135437,307.0793762207031,True,True,0,9,True,Anterior
118,160.0,485.0875,82.6375,160.0,50.87005768508881,20.612979177778815,10.357610217441911,0.8645888202718148,0.8888888888888888,0.5925925925925926,0.776972032550095,1.9901288757774611,0.08433856070041656,0.0,0.15725752711296082,0.0,0.2773159950971603,13.494170188903809,0.10392799228429794,0.0,0.15671253204345703,0.0,0.2979241371154781,16.62847900390625,0.15891560912132263,0.16192057728767395,0.03807532414793968,0.10599970296025277,0.20701905488967895,25.426498413085938,True,False,0,2,False,Anterior
119,860.0,1007.3116279069767,338.19767441860466,860.0,118.8111831820431,46.379123432022844,23.76058411501741,0.8587993691917485,0.9630459126539753,0.6398809523809523,0.7655854545083203,1.951935323118165,0.126723513007164,0.0,0.18583565950393677,0.0,0.4548280328512192,108.98222351074219,0.09319644421339035,0.0,0.1488499492406845,0.0,0.3125229269266129,80.14894104003906,0.3776554465293884,0.3627757430076599,0.09428673982620239,0.2638736367225647,0.5014525890350342,324.78369140625,False,True,0,13,True,Marginal
120,6035.0,193.83595691797845,688.618724109362,6035.0,319.97770542341357,114.51702311441743,70.55022690488764,0.7876932903062617,0.9686998394863563,0.6612973920666229,0.740709132023747,1.6231985088978336,0.16299523413181305,0.0,0.2181534320116043,0.0,0.5089988827705384,983.67626953125,0.11130701005458832,0.0,0.19467169046401978,0.0,0.3775464117527012,671.73779296875,0.3001460134983063,0.29294735193252563,0.07300163060426712,0.2186018109321594,0.38946864604949955,1811.381103515625,True,False,0,79,True,Anterior
121,429.0,706.3706293706293,305.46620046620046,429.0,76.76955262170047,26.803066252592703,20.496961325604232,0.6443573896067047,0.959731543624161,0.7566137566137566,0.9147220258760085,1.307660478390573,0.25113236904144287,0.23239636421203613,0.2643056809902191,0.0,0.6977410316467285,107.73578643798828,0.08041173964738846,0.0,0.1390276849269867,0.0,0.23147155940532685,34.49663543701172,0.36600691080093384,0.3694835901260376,0.08126828819513321,0.2606663107872009,0.4631321430206299,157.0169677734375,False,True,0,5,True,Anterior
122,205.0,79.05853658536586,976.9317073170731,205.0,54.62741699796952,21.5471370478542,12.196009912889618,0.8243947142169633,0.9534883720930233,0.7509157509157509,0.8632615415061928,1.7667365967849566,0.2854229807853699,0.2654385566711426,0.2690977454185486,0.0,0.5534034967422485,58.51171112060547,0.1056455597281456,0.0,0.16122566163539886,0.0,0.34956294298171997,21.657339096069336,0.7058101296424866,0.7346413135528564,0.2010592222213745,0.4035014390945435,0.9871204733848572,144.69107055664062,True,True,0,1,True,Anterior
123,303.0,766.5016501650165,661.3597359735974,303.0,71.698484809835,20.7979425089874,20.302710823956286,0.21692429812487257,0.8681948424068768,0.6558441558441559,0.7406832725131614,1.0243923921945814,0.2769317626953125,0.29105404019355774,0.31988799571990967,0.0,0.8748788714408875,83.91032409667969,0.17623934149742126,0.0,0.25589579343795776,0.0,0.5622596383094788,53.40052032470703,0.61463463306427,0.6289598345756531,0.12945686280727386,0.4323240458965302,0.7764699935913086,186.2342987060547,True,True,0,1,True,Marginal
124,4361.0,124.97019032332034,856.0405870213253,4361.0,260.8355697996826,78.71601000170405,74.93562816940225,0.3061775608171639,0.9680355160932298,0.6646852613930804,0.8054940192930605,1.0504483905006539,0.1416010558605194,0.0,0.1996026337146759,0.0,0.5453863143920898,617.522216796875,0.08502952754497528,0.0,0.14108973741531372,0.0,0.28378936648368835,370.81378173828125,0.2968030571937561,0.29459258913993835,0.07045040279626846,0.2077893763780594,0.38840511441230774,1294.358154296875,False,False,0,52,True,Anterior
125,2522.0,167.23790642347345,998.9972244250595,2522.0,205.58073580374355,65.16785432543628,51.60901172772596,0.6105992908423525,0.9358070500927643,0.6671957671957672,0.7498771394159198,1.2627223840139161,0.1537230908870697,0.0,0.1668856143951416,0.0,0.27637129426002505,387.68963623046875,0.1130124032497406,0.0,0.18127144873142242,0.0,0.3745482444763184,285.01727294921875,0.3466022312641144,0.31605756282806396,0.1498342901468277,0.17094195187091826,0.578893953561783,874.130859375,True,True,0,31,True,Anterior
126,617.0,821.6434359805511,7.544570502431118,617.0,105.35533905932738,42.97538431786309,18.815579732614726,0.8990615506083307,0.9640625,0.7790404040404041,0.6985249611487807,2.28403189955237,0.2666773498058319,0.23316867649555206,0.14078296720981598,0.0,0.44288547039031984,164.5399169921875,0.1226649358868599,0.0,0.20373548567295074,0.0,0.3851611912250519,75.68426513671875,0.2800513505935669,0.2735825479030609,0.05489864945411682,0.2233982652425766,0.35423887372016905,172.79168701171875,True,False,0,11,True,Marginal
127,274.0,863.7116788321168,1015.514598540146,274.0,65.21320343559643,20.579778131445636,18.272487028216332,0.4600644537519044,0.9448275862068966,0.7210526315789474,0.8096351564958176,1.1262713225444565,0.06277576088905334,0.0,0.1754513829946518,0.0,0.2951332747936249,17.200557708740234,0.10222376883029938,0.0,0.1676931083202362,0.0,0.3345602869987489,28.00931167602539,0.6263198256492615,0.623538613319397,0.19580906629562378,0.363141804933548,0.8758839190006256,171.61163330078125,True,True,0,1,True,Marginal
128,4579.0,600.3712601004586,240.35051321249182,4579.0,344.1259377015544,129.8592482906974,48.60181881511128,0.9273216472170845,0.8788867562380038,0.4365942028985507,0.48589864944555783,2.671900999933804,0.15726909041404724,0.0,0.2649190127849579,0.0,0.4923682570457458,720.1351318359375,0.10306932777166367,0.0,0.17002400755882263,0.0,0.3295591056346893,471.9544677734375,0.3912070095539093,0.3420643210411072,0.19492259621620178,0.1783862590789795,0.685720658302307,1791.3369140625,True,True,0,38,True,Anterior
129,790.0,251.63164556962025,231.49113924050633,790.0,108.9116882454314,37.1747318324954,27.8356616450255,0.6628196463168767,0.9415971394517283,0.7040998217468806,0.8369277636638714,1.3355073900008725,0.119354747235775,0.0,0.20653988420963287,0.0,0.440416619181633,94.29025268554688,0.057201553136110306,0.0,0.09725583344697952,0.0,0.206269708275795,45.18922805786133,0.2851763069629669,0.2817761301994324,0.0798066183924675,0.1809927061200142,0.3860892981290817,225.28927612304688,False,False,0,10,True,Anterior
130,746.0,673.7024128686327,8.884718498659517,746.0,114.42640687119285,45.971682960504715,21.673150883413772,0.8818951071710295,0.9738903394255874,0.7207729468599033,0.7159722168677668,2.1211351873938344,0.1349962204694748,0.0,0.24470728635787964,0.0,0.595088541507721,100.70718383789062,0.13483600318431854,0.0,0.19244877994060516,0.0,0.37588706612586975,100.58766174316406,0.2891400158405304,0.29216277599334717,0.06957148760557175,0.1951783001422882,0.37524014711380005,215.69845581054688,True,False,0,12,True,Anterior
131,966.0,1010.2939958592133,251.44099378881987,966.0,123.49747468305833,48.470446727258626,25.61850081623657,0.848909285682002,0.972809667673716,0.7612293144208038,0.7959225994676774,1.8920094924734583,0.31230300664901733,0.28392666578292847,0.2575279474258423,0.0,0.5396953523159027,301.6846923828125,0.07681654393672943,0.0,0.12569308280944824,0.0,0.2747517079114914,74.20478057861328,0.3632638156414032,0.34308889508247375,0.08149784058332443,0.2794572710990906,0.4771696776151657,350.912841796875,False,True,0,18,True,Marginal
132,876.0,793.1324200913242,388.4086757990868,876.0,110.9116882454314,37.49955941328282,29.92470153947603,0.6026555723276122,0.9690265486725663,0.7684210526315789,0.8948687418472037,1.2531306072949198,0.18590222299098969,0.0,0.25246769189834595,0.0,0.48575831949710846,162.850341796875,0.09381765127182007,0.0,0.17074379324913025,0.0,0.2517573833465576,82.18426513671875,0.3225773274898529,0.3226025104522705,0.06543602049350739,0.23463739454746246,0.41249947249889374,282.5777282714844,False,False,0,11,True,Marginal
133,706.0,304.54815864022663,8.674220963172804,706.0,116.6335136523794,44.324526445723826,22.431842052341253,0.8624854064968802,0.926509186351706,0.6394927536231884,0.6521805559992901,1.9759646284196974,0.10805682092905045,0.0,0.18718990683555603,0.0,0.311137393116951,76.28811645507812,0.09336934983730316,0.0,0.140671044588089,0.0,0.28790290653705597,65.91876220703125,0.32094690203666687,0.3126686215400696,0.06197674944996834,0.250456303358078,0.40481020510196686,226.58851623535156,False,False,0,11,True,Anterior
134,945.0,477.3174603174603,214.67195767195767,945.0,132.3259018078045,51.00706660408611,24.664841274604953,0.8753126882577298,0.945,0.6730769230769231,0.6781908837759171,2.068007088965265,0.22111889719963074,0.0,0.2892443835735321,0.0,0.5904180884361268,208.9573516845703,0.10110402852296829,0.0,0.18725718557834625,0.0,0.319974547624588,95.54330444335938,0.28044426441192627,0.2377953976392746,0.16194774210453033,0.1346189945936203,0.4761755585670472,265.01983642578125,True,False,0,4,True,Anterior
135,414.0,194.34299516908212,913.4951690821256,414.0,76.52691193458118,27.213025817000574,19.537735561593163,0.6960892301771096,0.9605568445475638,0.7582417582417582,0.8883453382783267,1.3928444128650876,0.20598679780960083,0.2536560297012329,0.12528330087661743,0.0,0.2588366478681564,85.27853393554688,0.1260966658592224,0.0,0.17808708548545837,0.0,0.3729584187269211,52.20402145385742,0.27537262439727783,0.27163153886795044,0.053797755390405655,0.20822080671787263,0.3468746244907379,114.0042724609375,True,False,0,7,True,Anterior
136,1876.0,855.9237739872068,368.2942430703625,1876.0,182.4386001800126,72.81127672378007,33.10008224438655,0.8906951739552301,0.96900826446281,0.6680911680911681,0.7082869423747157,2.199730991185925,0.19653816521167755,0.0,0.24847905337810516,0.0,0.5085904896259308,368.7055969238281,0.1030169352889061,0.0,0.17411331832408905,0.0,0.3827596455812454,193.259765625,0.28154125809669495,0.2794446349143982,0.05410585552453995,0.21721316128969193,0.3504190295934677,528.17138671875,True,False,0,29,True,Marginal
137,222.0,51.445945945945944,790.5855855855856,222.0,54.04163056034261,18.338584289369358,15.553480540012853,0.5297901718676471,0.9568965517241379,0.7708333333333334,0.9552255934835905,1.1790662702275259,0.2230890989303589,0.2617231607437134,0.24195344746112823,0.0,0.5322816669940948,49.525779724121094,0.10639917850494385,0.0,0.1903063803911209,0.0,0.39816186428070083,23.620616912841797,0.7418607473373413,0.7657788395881653,0.14993929862976074,0.5124225914478302,0.93205246925354,164.69308471679688,True,True,0,1,True,Anterior
138,744.0,594.3602150537635,183.20430107526883,744.0,104.32590180780451,36.877139281212685,25.968537799990507,0.7100109053394077,0.9575289575289575,0.7181467181467182,0.8590105636074221,1.4200699155739975,0.1986691802740097,0.2385300099849701,0.19545631110668182,0.0,0.48222610652446746,147.80987548828125,0.08331158012151718,0.0,0.1514100879430771,0.0,0.33631976544857023,61.98381423950195,0.25576305389404297,0.2572522759437561,0.052032262086868286,0.1842557296156883,0.3226930290460587,190.28770446777344,False,False,0,11,True,Anterior
139,856.0,756.1296728971963,274.1647196261682,856.0,112.8111831820431,42.44801266211879,25.816850856763477,0.7937843740080828,0.9738339021615472,0.6793650793650794,0.8452385966706554,1.6441979270681768,0.2446134388446808,0.24712377786636353,0.22450599074363708,0.0,0.506449967622757,209.38909912109375,0.11947164684534073,0.0,0.1976233422756195,0.0,0.3707052022218704,102.26773071289062,0.4359973669052124,0.4403166174888611,0.11323792487382889,0.26985548436641693,0.5912421941757202,373.2137451171875,True,True,0,14,True,Anterior
140,1027.0,918.0116845180137,338.30379746835445,1027.0,121.9827560572969,43.50674680665891,30.305320430274634,0.7174927267608874,0.964319248826291,0.7335714285714285,0.8673281151025425,1.4356141492302525,0.1410730481147766,0.0,0.16202068328857422,0.0,0.25664584040641786,144.88201904296875,0.0900149866938591,0.0,0.1500069946050644,0.0,0.35450172424316406,92.44538879394531,0.35851478576660156,0.355893075466156,0.06169164925813675,0.2819339334964752,0.4378823041915893,368.1946716308594,False,True,0,13,True,Marginal
141,982.0,701.908350305499,342.20366598778,982.0,118.91168824543142,38.80449241284303,32.84456787237698,0.5325294411710413,0.967487684729064,0.7830940988835726,0.8727146406173821,1.1814584549757003,0.1298341155052185,0.0,0.17798981070518494,0.0,0.46916004419326784,127.49710845947266,0.10253378748893738,0.0,0.17177321016788483,0.0,0.34231769442558285,100.68817901611328,0.2997959852218628,0.29614564776420593,0.0537681020796299,0.23623103648424149,0.36807853579521177,294.399658203125,True,False,0,19,True,Anterior
142,178.0,62.174157303370784,780.1404494382023,178.0,49.21320343559643,18.40070654842355,12.44970329022236,0.7363614828921596,0.9468085106382979,0.7606837606837606,0.9235631479388412,1.478003621409591,0.4120836555957794,0.25649088621139526,0.3426247537136078,0.0,1.0,73.35089111328125,0.11122111976146698,0.0,0.1719444990158081,0.0,0.3604066014289857,19.797359466552734,0.7921193838119507,0.8371575474739075,0.18403801321983337,0.4950290769338608,0.9956810176372528,140.99725341796875,True,True,0,1,True,Anterior
143,506.0,219.53359683794466,1006.6225296442688,506.0,90.8700576850888,36.8625581179814,17.75659581321451,0.8763376532541381,0.949343339587242,0.8031746031746032,0.7700497307924316,2.0759924090037676,0.06531548500061035,0.0,0.13570141792297363,0.0,0.27218472957611084,33.04963684082031,0.11389845609664917,0.0,0.1910707652568817,0.0,0.4007450044155121,57.63261795043945,0.6382466554641724,0.641289472579956,0.24511273205280304,0.3113302141427994,0.9761383831501007,322.95281982421875,True,True,0,4,True,Anterior
144,84.0,684.7738095238095,577.9761904761905,84.0,32.14213562373095,11.855567600302683,9.015792762826072,0.6493741261120038,0.9438202247191011,0.7636363636363637,1.0217383430019105,1.314977829701851,0.39270636439323425,0.444408118724823,0.298054575920105,0.0,0.8853405535221099,32.987335205078125,0.16052810847759247,0.013808559626340866,0.2236892133951187,0.0,0.4515700340270996,13.48436164855957,0.8427425622940063,0.8515910506248474,0.1279343217611313,0.6565554022789002,1.0,70.79037475585938,True,True,0,1,True,Anterior
145,955.0,638.1528795811519,318.2973821989529,955.0,162.46803743153546,62.735493371257725,22.458940682532518,0.9337238223843675,0.8282740676496098,0.47371031746031744,0.4546501795284904,2.7933416031527423,0.1305917501449585,0.0,0.2226613163948059,0.0,0.5008732438087463,124.71511840820312,0.12216455489397049,0.0,0.1908438801765442,0.0,0.3882218599319458,116.66715240478516,0.27921444177627563,0.3005167543888092,0.09374474734067917,0.12945736050605774,0.3858543813228607,266.6497802734375,True,False,0,12,True,Anterior
146,526.0,682.1577946768061,77.77946768060836,526.0,89.84062043356595,33.32958691909287,21.031031893443423,0.7757813040297541,0.9342806394316163,0.7146739130434783,0.8189363023411966,1.5847813406380507,0.23208995163440704,0.25454241037368774,0.24526603519916534,0.0,0.5172351598739624,122.07931518554688,0.1022167056798935,0.0,0.18722090125083923,0.0,0.35719913244247437,53.765987396240234,0.2628445625305176,0.26049673557281494,0.04389531537890434,0.2132459059357643,0.3228946626186371,138.25624084472656,True,False,0,10,True,Anterior
147,744.0,499.98790322580646,12.030913978494624,744.0,102.76955262170047,34.064390032625774,28.492363071047492,0.5480789058839851,0.9750982961992136,0.8051948051948052,0.8852254018435622,1.1955621212492653,0.22409237921237946,0.28008049726486206,0.24289558827877045,0.0,0.5776261329650879,166.7247314453125,0.17042803764343262,0.0,0.24320924282073975,0.0,0.5445106387138366,126.7984619140625,0.27341166138648987,0.27234315872192383,0.059855274856090546,0.198919677734375,0.351173010468483,203.41827392578125,True,False,0,11,True,Anterior
148,416.0,769.0649038461538,308.1995192307692,416.0,76.76955262170047,26.292295183152586,20.420844426195856,0.6298885888334012,0.9563218390804598,0.7536231884057971,0.8870031766070385,1.2875224273010393,0.2125711739063263,0.24324658513069153,0.24800220131874084,0.0,0.5056265592575073,88.42961120605469,0.10569433867931366,0.0,0.18853439390659332,0.0,0.367477148771286,43.96884536743164,0.3910835087299347,0.3898341655731201,0.054687075316905975,0.31530286371707916,0.4591100960969925,162.69073486328125,True,True,0,7,True,Marginal
149,1007.0,9.127110228401191,867.2591857000994,1007.0,138.18376618407356,58.904083815866954,22.2647782048476,0.9258122871726207,0.9805258033106135,0.8267651888341544,0.6627126861352736,2.6456173636188325,0.07023599743843079,0.0,0.18329833447933197,0.0,0.35081012845039367,70.72764587402344,0.12945398688316345,0.0,0.21152040362358093,0.0,0.4285837054252624,130.36016845703125,0.27936089038848877,0.25447675585746765,0.12012193351984024,0.17033216059207917,0.40217255949974057,281.31640625,True,False,0,11,True,Anterior
